Satisfaction,Snippet_length,Shown_T_num,Log(TTF),Task_type,scroll,Clicked_rank,StartTime,Endtime_SERP,Log(F_title),Log(F_URL),Log(F_Snippet),Original_scanpath_value,Compressed value,Minimal value,comp-mini
6.0,-1.2644671760222974,1.3181437026227558,-0.5494369463286894,-0.9422788274385742,-0.6101249628199958,-0.8302141402314019,0.7458808857594514,0.7079727602346243,0.14892524220768663,-1.0784222730343662,0.49365775264534134,-0.2756874983765844,-0.3580915297810673,-0.26893994012356265,-0.35092875158474357
5.0,-0.02376818000041905,-0.4282294262327735,0.1865236466050689,-0.9422788274385742,-0.6101249628199958,1.7090736402419873,-0.4313993582851936,-0.431269328968917,-0.5013469667374282,0.3532161516019233,0.003908073819636679,-0.11004652904811169,1.1967273305807202,3.491416722675536,0.2895775712377604
2.0,1.2169308160214594,-1.5924781788031264,-0.597761971309152,-0.9422788274385742,1.6327287737436504,2.555502900399784,-1.4034054196500794,-1.4215514545739505,-0.9403263487040404,-0.03541258971110023,-0.4774200520970621,-0.6069694370335299,1.1967273305807202,1.6112383912759867,0.9300838940602644
6.0,-0.02376818000041905,0.15389495005240297,-0.5336083597392758,-0.9422788274385742,-0.6101249628199958,0.862644380084191,0.026952583862761312,-0.003415477137688917,-0.5790153934696742,0.3283335522017739,-0.28926107055327854,-0.4413284677050572,-0.012576227478447864,-0.26893994012356265,0.07607546363025906
4.0,1.2169308160214594,-1.01035380251795,-1.9314539199720329,-0.9422788274385742,1.6327287737436504,-0.8302141402314019,-1.0608131193329475,-1.1092459857210042,-0.9903507165374361,-1.2100794422469145,-1.4668403176173677,-1.1038923450189482,-0.7036068320836867,-0.8956660505900791,-0.5644308591922449
4.0,1.2169308160214594,-0.7192916143753617,-1.832608748838815,1.0571908795652296,-0.6101249628199958,-0.8302141402314019,-0.8766287499422049,-0.9254822923097609,-1.1786176551307284,-1.0830449932597517,-1.0370834933171647,-0.97137956955617,-1.2218797855376158,-1.5223921610565956,-0.9914350744072475
4.0,-0.02376818000041905,-0.13716723809018525,-1.1236995544763864,1.0571908795652296,-0.6101249628199958,-0.8302141402314019,-0.12020744664281918,-0.1639766840071087,0.3989412685820233,-0.13594530142302547,-1.2354859481791491,-0.7726104063620026,-1.0491221343863062,-0.8956660505900791,-0.9914350744072475
5.0,-0.02376818000041905,0.4449571381949912,-1.4055163368048087,1.0571908795652296,-0.6101249628199958,0.862644380084191,0.1745812768858756,0.12234199991899511,-1.0942980857164937,-0.1691609931263029,-0.6799641199292524,-0.7726104063620026,-0.3580915297810673,0.3577861703429538,-0.5644308591922449
6.0,-1.2644671760222974,-0.4282294262327735,0.20765903033345992,-0.9422788274385742,-0.6101249628199958,-0.8302141402314019,-0.48763886038923715,-0.48602719720762083,-1.573412205589523,-0.45832480426096683,1.4662764906417916,0.18810721574313924,-0.012576227478447864,-0.26893994012356265,0.07607546363025906
7.0,-1.2644671760222974,0.15389495005240297,0.5773865141670758,-0.9422788274385742,1.6327287737436504,0.016215119926394517,-0.16566771084358767,-0.1491270926203416,-1.749642521590929,-0.3809609417716556,0.7513410653106972,-0.308815692242279,-0.7036068320836867,-0.26893994012356265,-0.7779329667997462
7.0,-0.02376818000041905,0.7360193263375794,-0.3394139365621599,-0.9422788274385742,-0.6101249628199958,0.862644380084191,0.17926790206121257,0.15343333188503902,-0.8121934554596351,-0.3820789780975155,0.6145214483731373,-0.308815692242279,1.3694849817320298,3.491416722675536,0.5030796788452617
7.0,1.2169308160214594,-1.01035380251795,-0.003734950873906941,-0.9422788274385742,-0.6101249628199958,0.862644380084191,-0.8396044110570429,-0.8433454899517051,0.06332839309451989,-0.4945259926405593,0.0904494049313252,-0.14317472291380623,1.3694849817320298,1.6112383912759867,1.1435860016677657
5.0,-0.02376818000041905,1.3181437026227558,-0.02747801615871265,-0.9422788274385742,-0.6101249628199958,0.016215119926394517,0.5096749769224683,0.49172558566482777,-1.573412205589462,-1.2133521332060475,0.9208676510691945,-0.308815692242279,-0.012576227478447864,0.9845122808094702,-0.35092875158474357
5.0,1.2169308160214594,-1.5924781788031264,-0.997567453937873,-0.9422788274385742,-0.6101249628199958,-0.8302141402314019,-1.481203397560673,-1.5087928039712073,-0.5110037599097058,-0.5146365288381921,-1.3851348314405463,-0.9051231818247808,-0.530849180932377,-0.26893994012356265,-0.5644308591922449
1.0,-1.2644671760222974,0.4449571381949912,-1.0595459429065106,1.0571908795652296,-0.6101249628199958,0.016215119926394517,0.01008073323154841,-0.03357870964205966,-1.29260988127542,-1.0508899688117022,0.06116019430475232,-0.673225824764919,-1.0491221343863062,-0.8956660505900791,-0.9914350744072475
7.0,-0.02376818000041905,1.0270815144801677,-0.5179156425216166,1.0571908795652296,-0.6101249628199958,0.016215119926394517,0.3517357085136128,0.31863503606282323,-1.0170876405839684,-0.5969872128020137,0.2247103786778016,-0.5407130493021408,-0.8763644832349964,-0.26893994012356265,-0.9914350744072475
7.0,-0.02376818000041905,1.6092058907653441,-0.9573858291956125,1.0571908795652296,-0.6101249628199958,-0.8302141402314019,0.6863607460326718,0.6383653006091533,-1.1088737103143402,0.05611840567998385,-1.2888310394086866,-0.9051231818247808,-1.2218797855376158,-1.5223921610565956,-0.9914350744072475
7.0,1.2169308160214594,-0.7192916143753617,-0.24280782306421683,1.0571908795652296,-0.6101249628199958,0.862644380084191,-0.6324555783071492,-0.6470524538078769,-0.9278671031026364,-0.022099038382289223,-0.09881265081996926,-0.40820027383936264,-0.012576227478447864,0.9845122808094702,-0.35092875158474357
7.0,1.2169308160214594,-1.3014159906605383,0.2285528615305243,1.0571908795652296,-0.6101249628199958,0.016215119926394517,-1.032224705763392,-1.0243248849779296,0.7818923374864275,-0.2550120797779399,-0.05996275230844504,0.1549790218774447,0.8512120282781007,-0.26893994012356265,1.1435860016677657
5.0,-0.02376818000041905,-1.01035380251795,-0.6473991469880064,-0.9422788274385742,-0.6101249628199958,-0.8302141402314019,-1.0640937569556834,-1.0869715986408535,-1.3090213341664532,0.16233135347704522,-0.03556233677475902,-0.6400976308992244,-0.7036068320836867,-0.26893994012356265,-0.7779329667997462
5.0,-1.2644671760222974,0.7360193263375794,1.197419838327532,-0.9422788274385742,-0.6101249628199958,-0.8302141402314019,0.5635711664388438,0.6128425654131473,-0.5207164014902658,0.23177618652855758,2.2687704803622206,1.148824837848281,-0.3580915297810673,0.3577861703429538,-0.5644308591922449
5.0,-1.2644671760222974,1.3181437026227558,0.6856936896489739,-0.9422788274385742,-0.6101249628199958,0.016215119926394517,1.0584787849544264,1.0690034508254,-0.4190029953386121,-1.5319429276080185,1.436559673180684,0.38687637893730653,0.678454377126791,0.3577861703429538,0.716581786452763
3.0,1.2169308160214594,-0.4282294262327735,0.42532220109200386,-0.9422788274385742,-0.6101249628199958,-0.8302141402314019,-0.631049590754548,-0.6178173207651794,1.0184692063635896,0.594720542900563,-0.8332796312403317,0.12185082801175015,-0.1853338786297576,0.9845122808094702,-0.5644308591922449
6.0,1.2169308160214594,0.15389495005240297,0.7725786944669691,-0.9422788274385742,-0.6101249628199958,0.016215119926394517,-0.01241506761006906,0.013754362903260531,0.7992142711339437,0.2735645019800943,0.5644396454353492,0.32061999120591744,1.0239696794294104,0.9845122808094702,0.9300838940602644
6.0,-0.02376818000041905,-1.5924781788031264,-0.015567939308283471,-0.9422788274385742,-0.6101249628199958,-0.8302141402314019,-1.4741734597976677,-1.472132875235126,-0.6400262229219642,-1.6288305124726614,0.9603685347899638,-0.20943111064519535,-1.0491221343863062,-0.8956660505900791,-0.9914350744072475
6.0,1.2169308160214594,0.4449571381949912,-0.15105141742625036,1.0571908795652296,-0.6101249628199958,-0.8302141402314019,0.348455070890877,0.3274519809487164,0.6439454097870984,-1.1679756768762726,-1.2322831171155137,-0.5075848554364463,-0.8763644832349964,-0.26893994012356265,-0.9914350744072475
5.0,-1.2644671760222974,1.6092058907653441,0.29985622930223166,1.0571908795652296,-0.6101249628199958,0.016215119926394517,1.3406136205097117,1.3284072503629885,0.43629978187571455,-0.32468841599301346,0.855126134632556,0.22123540960883378,-1.0491221343863062,-0.8956660505900791,-0.9914350744072475
6.0,-0.02376818000041905,-0.7192916143753617,-0.8606336065802642,1.0571908795652296,-0.6101249628199958,0.016215119926394517,-0.7988307720316113,-0.8298880477574475,0.09777524274524489,-1.3224814053927376,-0.9320191472779783,-0.5738412431678354,-0.8763644832349964,-0.26893994012356265,-0.9914350744072475
4.0,-1.2644671760222974,1.0270815144801677,-0.8795787536375725,1.0571908795652296,-0.6101249628199958,-0.8302141402314019,0.8850736534669589,0.8369785854071635,0.3069976062238604,-1.264717463435233,-1.2322831171153927,-0.5738412431678354,-0.1853338786297576,-0.26893994012356265,-0.13742664397724225
5.0,-0.02376818000041905,-1.3014159906605383,-1.0595459429065106,1.0571908795652296,-0.6101249628199958,-0.8302141402314019,-1.2843651401965206,-1.3152840662123984,0.22963726323671235,-1.2647174634351612,-1.0511239038312192,-0.673225824764919,-0.8763644832349964,-0.8956660505900791,-0.7779329667997462
5.0,1.2169308160214594,0.7360193263375794,1.2516370339316858,-0.9422788274385742,-0.6101249628199958,-0.8302141402314019,1.69164184614245,1.7339867151140662,1.8369955534919553,-0.6595880628209566,0.2769761980871664,0.8175428991913357,0.5056967259754813,0.9845122808094702,0.2895775712377604
7.0,1.2169308160214594,1.3181437026227558,0.9135638027696185,-0.9422788274385742,-0.6101249628199958,2.555502900399784,2.3482380332071586,2.359989802012468,1.0198435315750856,0.9254980941983137,-0.10075853756362062,0.22123540960883378,0.5056967259754813,0.9845122808094702,0.2895775712377604
6.0,-0.02376818000041905,-1.01035380251795,1.1789841493564701,-0.9422788274385742,-0.6101249628199958,0.862644380084191,-0.789926184198471,-0.7287252064350963,-0.1754430424707803,1.034441511500942,1.3222836492249095,0.9169274807884193,1.0239696794294104,0.3577861703429538,1.1435860016677657
3.0,-1.2644671760222974,0.15389495005240297,1.9447913754089885,-0.9422788274385742,1.6327287737436504,-0.8302141402314019,1.0139558457887252,1.128865866103305,0.948994873356403,0.026651300079471543,2.0919771840556747,1.9770296844906448,0.8512120282781007,0.3577861703429538,0.9300838940602644
6.0,-0.02376818000041905,-1.5924781788031264,1.096875447506332,-0.9422788274385742,-0.6101249628199958,-0.8302141402314019,-1.5051051859548914,-1.4428977421924285,0.34711758176908586,2.074212554202809,1.7956855082515732,1.2813376133110594,-0.530849180932377,-0.26893994012356265,-0.5644308591922449
3.0,-1.2644671760222974,-0.4282294262327735,1.7385797436678434,-0.9422788274385742,1.6327287737436504,-0.8302141402314019,-0.024600293065945265,0.07825727548953018,0.42067105041589264,1.3335016618559454,1.7330087765757003,1.446978582639532,1.1967273305807202,0.3577861703429538,1.357088109275267
6.0,1.2169308160214594,1.0270815144801677,1.3157906455015533,1.0571908795652296,1.6327287737436504,-0.8302141402314019,2.0717271478622776,2.1154355938616467,2.066345996210202,1.0062336859017686,0.5687311818951276,1.0163120623855029,1.1967273305807202,2.8646906122090194,0.5030796788452617
3.0,-0.02376818000041905,-0.7192916143753617,1.0109049093748268,1.0571908795652296,-0.6101249628199958,-0.8302141402314019,-0.47264165982815864,-0.42662883166055227,1.7066582934825818,-0.16916099312636057,-0.2623317551640304,0.32061999120591744,-0.012576227478447864,-0.26893994012356265,0.07607546363025906
2.0,-1.2644671760222974,0.4449571381949912,-0.25630006386513776,1.0571908795652296,-0.6101249628199958,0.016215119926394517,1.4840243508750228,1.4481320809187987,0.8161008927099813,-0.3257779495169376,-0.9459432582486194,-0.308815692242279,-0.3580915297810673,-0.8956660505900791,-0.13742664397724225
7.0,1.2169308160214594,1.6092058907653441,-0.937621416908077,1.0571908795652296,-0.6101249628199958,-0.8302141402314019,2.5970978300175513,2.53076010296029,0.8251238457234781,-1.5954032446946214,-1.3270402372864398,-0.673225824764919,-0.8763644832349964,-0.8956660505900791,-0.7779329667997462
3.0,-0.02376818000041905,-1.3014159906605383,1.8488779848706256,1.0571908795652296,-0.6101249628199958,-0.8302141402314019,-1.2314062757152129,-1.1050695381434759,2.147010345047062,1.4967364441820357,1.5433803637672474,2.3745680108789795,0.33293907482417157,0.3577861703429538,0.2895775712377604
2.0,-1.2644671760222974,-0.13716723809018525,0.32958355633189873,1.0571908795652296,-0.6101249628199958,-0.8302141402314019,0.5349827528692881,0.5320979122476011,0.5363213323041693,0.3428160757128647,0.09555693168675787,-0.17630291677950077,-0.530849180932377,-0.26893994012356265,-0.5644308591922449
3.0,1.2169308160214594,0.15389495005240297,-0.6984217235647271,-0.9422788274385742,-0.6101249628199958,-0.8302141402314019,0.5246721774835466,0.4847648397022806,0.23549147505474113,-0.23819724792258576,-0.1911560362117228,-0.5075848554364463,-0.530849180932377,0.3577861703429538,-0.7779329667997462
5.0,-0.02376818000041905,1.3181437026227558,1.4957578347704887,-0.9422788274385742,1.6327287737436504,-0.8302141402314019,2.1185933996156474,2.177154208062898,1.9463769302892744,1.9496933481087357,1.2450882167179245,1.9107732967592557,1.1967273305807202,2.237964501742503,0.716581786452763
6.0,-1.2644671760222974,-1.5924781788031264,0.08826888088006643,-0.9422788274385742,-0.6101249628199958,-0.8302141402314019,-1.5805598512778165,-1.5732957165574772,-0.46326566812769865,-0.906803835792356,1.2099960820534885,0.022466246414666505,-0.530849180932377,-0.26893994012356265,-0.5644308591922449
5.0,-0.02376818000041905,0.7360193263375794,-0.4116838337408426,-0.9422788274385742,-0.6101249628199958,0.016215119926394517,1.1142496245409368,1.0768922962496204,-0.012834055716937702,0.2452358156796437,-0.013399344070978583,-0.5407130493021408,-0.3580915297810673,-0.26893994012356265,-0.35092875158474357
2.0,1.2169308160214594,-0.4282294262327735,0.1543552448560729,-0.9422788274385742,-0.6101249628199958,0.016215119926394517,-0.30814111617383144,-0.310616398951434,0.9176569049589115,0.4712717196765735,0.517005233249257,0.12185082801175015,0.16018142367286184,0.3577861703429538,0.07607546363025906
5.0,-1.2644671760222974,-1.01035380251795,-0.20291845159262245,-0.9422788274385742,-0.6101249628199958,-0.8302141402314019,-0.777740958742595,-0.7895157211746743,0.6112667962224881,-0.7904564019636929,-0.08333931430872557,-0.2425593045108899,-0.1853338786297576,-0.8956660505900791,0.07607546363025906
6.0,-0.02376818000041905,1.6092058907653441,-0.47162987077064383,1.0571908795652296,-0.6101249628199958,0.016215119926394517,2.477588888046459,2.424956764329574,-0.3466960640764713,0.7331111464559141,0.28854463425999566,-0.2425593045108899,-0.530849180932377,0.3577861703429538,-0.7779329667997462
5.0,-0.02376818000041905,1.0270815144801677,-1.4055163368047943,1.0571908795652296,-0.6101249628199958,-0.8302141402314019,1.9517495433736514,1.882018579250901,-0.0780249217550027,0.06979516109241876,-1.3078091633977187,-0.8388667940933917,-0.8763644832349964,-0.8956660505900791,-0.7779329667997462
5.0,-1.2644671760222974,-1.3014159906605383,-0.2161184391228847,1.0571908795652296,-0.6101249628199958,0.016215119926394517,-1.0026989671587692,-1.0127236417070178,0.4636237938746209,0.053372725993840825,-0.4780521987892108,-0.2425593045108899,-0.1853338786297576,-0.26893994012356265,-0.13742664397724225
5.0,-1.2644671760222974,-0.7192916143753617,-1.3554257971234638,1.0571908795652296,-0.6101249628199958,-0.8302141402314019,-0.5199765740990621,-0.564451601718985,-1.0806474103463988,0.34121165034084305,-0.05194020616885656,-0.7063540186306135,-1.0491221343863062,-0.8956660505900791,-0.9914350744072475
3.0,1.2169308160214594,-0.13716723809018525,0.5162957117080804,1.0571908795652296,1.6327287737436504,0.862644380084191,-0.08271444524012349,-0.07023863837814119,1.882949218506606,1.349729651342141,-0.5966030908029503,0.2874917973402229,0.33293907482417157,0.9845122808094702,0.07607546363025906
3.0,1.2169308160214594,0.4449571381949912,0.628172844658235,1.0571908795652296,-0.6101249628199958,-0.8302141402314019,0.8897602786422958,0.8986971996084148,0.5366266546056173,3.5427443637454745,-0.9912449878267025,0.353748185071612,0.33293907482417157,0.3577861703429538,0.2895775712377604
5.0,-0.02376818000041905,-0.4282294262327735,0.24921059918678393,-0.9422788274385742,-0.6101249628199958,-0.8302141402314019,-0.6254256405441437,-0.6206016191501981,-1.5009983975969126,0.08789835294666523,0.062030182152533635,-0.40820027383936264,-0.7036068320836867,-0.26893994012356265,-0.7779329667997462
3.0,1.2169308160214594,0.7360193263375794,0.3876262196023916,-0.9422788274385742,1.6327287737436504,2.555502900399784,0.1450555382812527,0.14879283457667428,0.3986098575667229,0.1883103471963577,0.15914096882492348,0.0887226341460556,2.4060308886398882,2.237964501742503,2.2110965397052724
5.0,1.2169308160214594,1.3181437026227558,-0.06368098790371093,-0.9422788274385742,1.6327287737436504,2.555502900399784,0.48108656335291305,0.4620264028912936,-0.3996990435541653,-1.350203391423453,-0.8340886443267762,-0.6400976308992244,0.8512120282781007,2.237964501742503,0.2895775712377604
5.0,-1.2644671760222974,-1.5924781788031264,0.9698202516032572,-0.9422788274385742,1.6327287737436504,0.862644380084191,-1.5440041749101883,-1.4902308147377483,-0.9032225259094492,-1.126669844493264,1.6565815680654734,0.4200045728030011,0.678454377126791,0.3577861703429538,0.716581786452763
4.0,-0.02376818000041905,0.15389495005240297,-0.7332454494271254,-0.9422788274385742,-0.6101249628199958,-0.8302141402314019,-0.23502976343857473,-0.2683878734453151,-1.3830085422080984,-1.5319429276081264,-1.4054321224005073,-1.2032769266160317,-0.8763644832349964,-0.8956660505900791,-0.7779329667997462
4.0,-0.02376818000041905,-0.13716723809018525,-0.2973847216367007,1.0571908795652296,-0.6101249628199958,0.016215119926394517,-0.44077260863586754,-0.45911231281910536,-1.5542185645090127,-1.1031908551317497,-1.3100583841208542,-1.0707641511532535,-0.3580915297810673,-0.26893994012356265,-0.35092875158474357
5.0,1.2169308160214594,1.0270815144801677,-1.3308859611436754,1.0571908795652296,-0.6101249628199958,0.016215119926394517,0.34329978319800625,0.2907920522126349,-2.1666094403067278,0.24523581567973898,-0.5863432125285033,-0.9382513756904753,-1.0491221343863062,-0.8956660505900791,-0.9914350744072475
4.0,1.2169308160214594,1.6092058907653441,-0.7867572793235829,1.0571908795652296,-0.6101249628199958,0.016215119926394517,0.6652709327436555,0.6216595102990402,-2.0204803311216435,-1.2934080829429786,-1.2722904516788558,-1.1370205388846426,-1.0491221343863062,-0.8956660505900791,-0.9914350744072475
4.0,-0.02376818000041905,0.4449571381949912,-0.015567939308285341,1.0571908795652296,-0.6101249628199958,-0.8302141402314019,-0.027880930688681086,-0.040075405873770446,-0.19845888036561357,0.12985817965402566,-0.019828459489684827,-0.2425593045108899,-0.012576227478447864,-0.26893994012356265,0.07607546363025906
4.0,-1.2644671760222974,-0.7192916143753617,0.948926420406191,1.0571908795652296,1.6327287737436504,-0.8302141402314019,-0.8738167748370027,-0.8280318488341015,-0.4715920377598227,-0.08558736486402889,0.5346630123872448,-0.07691833518241714,0.5056967259754813,-0.26893994012356265,0.716581786452763
6.0,1.2169308160214594,-1.5924781788031264,0.30981914404434313,-0.9422788274385742,-0.6101249628199958,-0.8302141402314019,-1.5083858235776273,-1.4920870136610944,1.1374358571695016,0.7978437687612492,0.1522128742743735,0.1549790218774447,0.678454377126791,0.9845122808094702,0.5030796788452617
5.0,-0.02376818000041905,-0.4282294262327735,0.4804476939163761,-0.9422788274385742,1.6327287737436504,2.555502900399784,-0.3250129668050444,-0.31200854814394346,1.2239740006733455,0.4720276107086339,0.20042030254251017,0.48626096053439016,0.33293907482417157,0.9845122808094702,0.07607546363025906
5.0,-1.2644671760222974,0.7360193263375794,1.7202976880095315,-0.9422788274385742,1.6327287737436504,1.7090736402419873,0.6915160337255426,0.7854690652843149,-0.24594543850586198,1.4905880289082265,2.582461377717998,2.7058499495359247,-0.1853338786297576,0.3577861703429538,-0.35092875158474357
6.0,1.2169308160214594,-1.01035380251795,0.6530465661892431,-0.9422788274385742,-0.6101249628199958,0.862644380084191,-0.978328516247017,-0.9496128783132575,1.130804990151781,0.7978437687611935,0.25736034310996353,0.38687637893730653,-0.3580915297810673,0.3577861703429538,-0.5644308591922449
6.0,-1.2644671760222974,1.3181437026227558,1.4484063734931643,-0.9422788274385742,1.6327287737436504,0.016215119926394517,1.2496930921081748,1.3126295595145485,0.06575472433478786,-0.21943433346830393,2.4319799736959578,1.8113887151621721,0.33293907482417157,-0.26893994012356265,0.5030796788452617
6.0,-0.02376818000041905,0.15389495005240297,-0.2698926196448588,-0.9422788274385742,-0.6101249628199958,0.016215119926394517,0.2444119919983965,0.22025649312549103,0.6202952034262278,0.48408635111735016,-1.052064806897955,-0.2425593045108899,-0.1853338786297576,0.3577861703429538,-0.35092875158474357
6.0,1.2169308160214594,-0.7192916143753617,1.1097500805080498,1.0571908795652296,1.6327287737436504,0.862644380084191,-0.6516707415260308,-0.596935082877538,1.2805914441527702,1.957735498523041,0.6960875601629705,1.2482094194453648,2.2332732374885786,2.237964501742503,1.997594432097771
6.0,-0.02376818000041905,-0.13716723809018525,-0.7157506716094488,1.0571908795652296,-0.6101249628199958,0.016215119926394517,0.06960087295832777,0.033708501329228924,-0.3302460978250499,0.08609478497503496,-0.9894413940897235,-0.6400976308992244,-0.530849180932377,0.3577861703429538,-0.7779329667997462
6.0,-0.02376818000041905,0.4449571381949912,-0.24280782306421683,1.0571908795652296,-0.6101249628199958,0.016215119926394517,0.5092063144049348,0.48337269050977144,0.8448053356009851,0.6753652100151353,-1.4870560570890348,-0.11004652904811169,-0.7036068320836867,-0.26893994012356265,-0.7779329667997462
3.0,-1.2644671760222974,1.0270815144801677,0.5601393076587023,1.0571908795652296,-0.6101249628199958,-0.8302141402314019,1.0013019578153157,1.0054286377008035,-0.9271370768730256,1.2126281831800412,1.5468031867696908,0.5193891544000847,-0.012576227478447864,-0.26893994012356265,0.07607546363025906
5.0,-1.2644671760222974,1.6092058907653441,2.8015065476097143,1.0571908795652296,1.6327287737436504,0.862644380084191,1.5669776164784868,1.8012739260853547,1.4333887977653743,3.26346219771546,2.792405865582589,5.289849071060099,2.7515461909425074,3.491416722675536,2.2110965397052724
6.0,1.2169308160214594,-1.3014159906605383,-0.4564580797085736,1.0571908795652296,-0.6101249628199958,0.862644380084191,-1.1606382355676248,-1.1769972464231293,0.3069976062238999,-0.4560097623340485,-0.7302848537988952,-0.34194388610797355,-0.1853338786297576,-0.26893994012356265,-0.13742664397724225
6.0,-0.02376818000041905,1.3181437026227558,0.43462598875774516,-0.9422788274385742,-0.6101249628199958,-0.8302141402314019,1.3677960465266659,1.3618188309832147,1.1122714288966928,-0.9039602453443139,0.7644960294979201,0.5856455421314738,-0.3580915297810673,-0.26893994012356265,-0.35092875158474357
5.0,1.2169308160214594,-1.5924781788031264,0.39712333358677815,-0.9422788274385742,-0.6101249628199958,-0.8302141402314019,-1.3926261817468044,-1.3732902825669575,1.1653810552695973,-0.40004599807847496,0.5007338358506139,0.353748185071612,1.3694849817320298,0.9845122808094702,1.357088109275267
4.0,-0.02376818000041905,0.7360193263375794,0.3295835563318931,-0.9422788274385742,-0.6101249628199958,0.862644380084191,0.38501074725850537,0.3836019983799295,-1.7425111931909243,-0.23610448562141206,1.0755729443369313,-0.010661947451028045,1.0239696794294104,0.3577861703429538,1.1435860016677657
6.0,-1.2644671760222974,-0.4282294262327735,1.432346033042677,-0.9422788274385742,1.6327287737436504,0.862644380084191,-0.49888676081004574,-0.42013213542884176,1.2129893482619445,0.48483781182793906,0.6432918279287078,1.148824837848281,0.8512120282781007,-0.26893994012356265,1.1435860016677657
5.0,1.2169308160214594,-1.01035380251795,0.7177680269112751,-0.9422788274385742,-0.6101249628199958,0.016215119926394517,-0.9422415023969223,-0.9101686511921572,1.3999456084652921,-0.18647171251248568,-0.5087256260498059,0.48626096053439016,1.0239696794294104,0.9845122808094702,0.9300838940602644
6.0,-1.2644671760222974,0.15389495005240297,0.01970370774480957,-0.9422788274385742,-0.6101249628199958,-0.8302141402314019,0.01851665854715473,0.0072576666715500155,0.7008232537310018,0.1632023272225166,-0.36616425109205614,0.22123540960883378,-0.012576227478447864,0.3577861703429538,-0.13742664397724225
6.0,-0.02376818000041905,1.6092058907653441,0.8182858334133971,1.0571908795652296,-0.6101249628199958,0.016215119926394517,1.5711955791362906,1.5845627017847217,1.4132217670469396,1.91955998655696,-0.3655792623139052,1.082568450116892,2.4060308886398882,0.3577861703429538,2.851602862527776
6.0,-1.2644671760222974,0.4449571381949912,-0.7332454494271254,1.0571908795652296,-0.6101249628199958,0.016215119926394517,0.2406626918581269,0.202622603353705,-0.16058077454908434,0.3793956067802079,-0.7676651443400647,-0.3750720799736681,-0.3580915297810673,-0.26893994012356265,-0.35092875158474357
6.0,-1.2644671760222974,-0.13716723809018525,-0.7332454494271254,1.0571908795652296,-0.6101249628199958,0.016215119926394517,-0.22425052553529967,-0.25771472963607617,0.04992054750293758,0.6518315421534263,-1.530978645723901,-0.6069694370335299,-1.0491221343863062,-0.8956660505900791,-0.9914350744072475
7.0,1.2169308160214594,-0.7192916143753617,-0.6984217235647364,1.0571908795652296,-0.6101249628199958,-0.8302141402314019,-0.6647932920169741,-0.692993377160688,0.10252609546000511,-0.004159745597424662,-0.6097045529728845,-0.6069694370335299,-0.1853338786297576,-0.26893994012356265,-0.13742664397724225
7.0,1.2169308160214594,-1.3014159906605383,-0.11309454541450825,1.0571908795652296,-0.6101249628199958,0.862644380084191,-1.1475156850766812,-1.1524026106887961,0.5569578264020629,0.533135259221574,-0.8068335321337654,-0.2425593045108899,-0.012576227478447864,0.3577861703429538,-0.13742664397724225
5.0,-0.02376818000041905,1.0270815144801677,0.6612631657760483,1.0571908795652296,-0.6101249628199958,0.862644380084191,1.1437753631455594,1.1520683526451287,0.6450906026815134,0.38176003851023876,0.3201604807997489,0.5193891544000847,2.578788539791198,0.9845122808094702,2.851602862527776
2.0,-1.2644671760222974,1.3181437026227558,2.0627800757092842,-0.9422788274385742,1.6327287737436504,-0.8302141402314019,1.614781193266924,1.7376991129607577,1.141699983656606,1.1476418334775376,2.323860016950379,2.7058499495359247,1.1967273305807202,0.3577861703429538,1.357088109275267
4.0,-0.02376818000041905,-1.01035380251795,0.39712333358678,-0.9422788274385742,-0.6101249628199958,0.016215119926394517,-1.0191021552724484,-1.0034426470902882,0.8338428240336819,0.6061209573544218,0.4471305102721313,0.48626096053439016,-0.012576227478447864,0.3577861703429538,-0.13742664397724225
3.0,1.2169308160214594,-0.4282294262327735,0.2594525886108746,-0.9422788274385742,-0.6101249628199958,2.555502900399784,-0.5115406487834555,-0.5073734848260987,-0.11092101672903977,0.24523581567973898,0.21261645391805642,-0.14317472291380623,0.16018142367286184,0.9845122808094702,-0.13742664397724225
5.0,-0.02376818000041905,-1.5924781788031264,0.848134501851573,-0.9422788274385742,1.6327287737436504,0.862644380084191,-1.5604073630238675,-1.5143614007412451,0.36547213948721924,0.6774295622792439,1.4494179678400971,0.9169274807884193,-0.3580915297810673,0.3577861703429538,-0.5644308591922449
3.0,-1.2644671760222974,0.7360193263375794,2.376955053748014,-0.9422788274385742,1.6327287737436504,0.016215119926394517,0.8283654888453821,1.0007881403924388,1.4276514579194124,1.3678428727808085,2.6496321774091096,3.5340547961782884,1.1967273305807202,1.6112383912759867,0.9300838940602644
5.0,1.2169308160214594,0.15389495005240297,0.065698343205541,-0.9422788274385742,-0.6101249628199958,-0.8302141402314019,0.07944278582653523,0.0694403306036373,0.7413064755750131,0.30152971585310795,-0.3539290189490666,-0.010661947451028045,0.16018142367286184,0.3577861703429538,0.07607546363025906
4.0,-1.2644671760222974,1.0270815144801677,1.511272980201241,1.0571908795652296,1.6327287737436504,0.016215119926394517,1.2543797172835118,1.322838653592951,1.0042015993798445,2.3076590656769707,1.2096035164677228,1.082568450116892,0.5056967259754813,0.9845122808094702,0.2895775712377604
4.0,1.2169308160214594,-0.13716723809018525,0.43462598875773956,1.0571908795652296,-0.6101249628199958,0.016215119926394517,-0.17176032357152576,-0.16258453481459922,0.8710271913282234,0.023868224448079754,0.4852501213156095,0.4531327666686956,-0.012576227478447864,0.9845122808094702,-0.35092875158474357
2.0,1.2169308160214594,0.4449571381949912,1.2634700223660575,1.0571908795652296,-0.6101249628199958,0.016215119926394517,0.3981332977494486,0.45413755746707335,1.3275646796080813,1.4339715530309842,0.8290409828447418,1.2482094194453648,-0.1853338786297576,0.3577861703429538,-0.35092875158474357
6.0,-0.02376818000041905,-0.7192916143753617,-0.24280782306421683,1.0571908795652296,-0.6101249628199958,-0.8302141402314019,-0.7285313944015569,-0.7421826486293539,0.4832775420530789,0.558704988340258,-0.4875677848383073,-0.17630291677950077,0.16018142367286184,0.3577861703429538,0.07607546363025906
6.0,-0.02376818000041905,-1.3014159906605383,0.7955751024693197,1.0571908795652296,1.6327287737436504,0.862644380084191,-1.2473408013113585,-1.2076245286583365,1.0794477394857454,0.8833547283232956,0.6677894418897498,0.7844147053256411,0.33293907482417157,-0.26893994012356265,0.5030796788452617
4.0,-1.2644671760222974,1.6092058907653441,0.3684826904353141,1.0571908795652296,1.6327287737436504,0.862644380084191,2.046419371915458,2.0305144931185724,0.015716862247950714,0.8314265996382624,0.7516107363332779,0.055594440280361056,-0.012576227478447864,-0.26893994012356265,0.07607546363025906
5.0,1.2169308160214594,1.3181437026227558,0.1435054187635782,-0.9422788274385742,-0.6101249628199958,-0.8302141402314019,1.4320028114287826,1.4119362019135535,-0.08508319456519597,1.6340081441600938,-0.8462785912471883,-0.04379014131672259,0.16018142367286184,0.9845122808094702,-0.13742664397724225
5.0,-1.2644671760222974,0.15389495005240297,1.687857464690436,-0.9422788274385742,1.6327287737436504,0.862644380084191,0.6005955053240056,0.6921950693861842,0.3132862875192959,-0.6381014289275366,1.377148355265413,0.718158317594252,1.3694849817320298,1.6112383912759867,1.1435860016677657
6.0,-0.02376818000041905,-1.01035380251795,0.20765903033345992,-0.9422788274385742,1.6327287737436504,1.7090736402419873,-0.35407004289213373,-0.35377302391922605,-1.3545269328272271,-0.21943433346842178,0.53716800399171,-0.2425593045108899,0.33293907482417157,0.9845122808094702,0.07607546363025906
6.0,1.2169308160214594,0.7360193263375794,0.175863614473891,-0.9422788274385742,-0.6101249628199958,0.862644380084191,1.0983150989447905,1.0829249427504943,0.6596237706720176,-0.4957038428553403,-0.1578554769796649,0.055594440280361056,-0.1853338786297576,-0.26893994012356265,-0.13742664397724225
5.0,-0.02376818000041905,-1.5924781788031264,-1.1677544652663572,-0.9422788274385742,-0.6101249628199958,-0.8302141402314019,-1.454958296578786,-1.4865184168910568,-0.7329825737767371,-1.3502033914234777,0.25050762668507337,-0.673225824764919,-0.8763644832349964,-0.26893994012356265,-0.9914350744072475
4.0,-1.2644671760222974,-0.4282294262327735,0.8555211394991257,-0.9422788274385742,1.6327287737436504,2.555502900399784,0.03304519659069942,0.06387173383359968,-1.7808997289231707,0.2586128382245054,0.7559186322050478,-0.2756874983765844,-0.012576227478447864,0.9845122808094702,-0.35092875158474357
6.0,-1.2644671760222974,0.4449571381949912,-1.0595459429064986,1.0571908795652296,-0.6101249628199958,0.016215119926394517,0.9352205428430646,0.8824554590291382,-0.2803510234140651,-0.08461149210568597,-1.0213344627194267,-0.7726104063620026,-0.3580915297810673,-0.26893994012356265,-0.35092875158474357
7.0,-0.02376818000041905,-0.7192916143753617,-0.997567453937873,1.0571908795652296,-0.6101249628199958,0.016215119926394517,-0.15113917280004324,-0.19181966785729707,-0.44563952730015594,-0.5957533538563273,-0.6938485629663967,-0.673225824764919,-0.1853338786297576,-0.26893994012356265,-0.13742664397724225
6.0,1.2169308160214594,1.0270815144801677,-1.6496371376435903,1.0571908795652296,-0.6101249628199958,-0.8302141402314019,1.3115565444226225,1.2439501993507507,-0.18339244624531728,-1.5624808950212936,-1.2711944586129624,-0.8388667940933917,-0.7036068320836867,-0.26893994012356265,-0.7779329667997462
6.0,-0.02376818000041905,-1.3014159906605383,0.3780795121086794,1.0571908795652296,-0.6101249628199958,-0.8302141402314019,-0.5644995132647632,-0.5542425076405824,-0.5981067571668897,0.39354387566085475,0.4364350724516161,-0.11004652904811169,1.0239696794294104,-0.26893994012356265,1.357088109275267
5.0,-1.2644671760222974,-0.13716723809018525,-0.2973847216367082,1.0571908795652296,1.6327287737436504,0.862644380084191,0.36251494641688786,0.33626892583460927,-1.2620413388962568,-0.22047249103447836,0.42024177868785645,-0.308815692242279,-0.012576227478447864,-0.26893994012356265,0.07607546363025906
6.0,1.2169308160214594,1.6092058907653441,-1.6496371376435903,1.0571908795652296,-0.6101249628199958,0.862644380084191,1.665396745160563,1.5943077461322877,-0.9521377402621906,-0.022099038382342992,-1.4054321224005073,-0.9382513756904753,-0.7036068320836867,0.3577861703429538,-0.9914350744072475
5.0,-0.02376818000041905,0.7360193263375794,0.43462598875773956,-0.9422788274385742,-0.6101249628199958,-0.8302141402314019,0.13287031282537676,0.13904779022910824,-0.16845997496819523,-0.8589602104354619,0.7775321401673494,-0.11004652904811169,0.678454377126791,-0.8956660505900791,1.1435860016677657
5.0,-1.2644671760222974,-1.5924781788031264,0.5687832496752337,-0.9422788274385742,-0.6101249628199958,0.016215119926394517,-1.601649664566833,-1.5714395176341311,-1.1922369923314788,-1.052410451446919,0.5739252312583123,-0.5738412431678354,-0.1853338786297576,-0.8956660505900791,0.07607546363025906
4.0,1.2169308160214594,0.15389495005240297,-0.9773662502659327,-0.9422788274385742,-0.6101249628199958,0.016215119926394517,-0.24299702623664754,-0.2823093653704093,-1.11947978350049,-0.7676470832625159,-0.051940206168883306,-0.6069694370335299,-0.012576227478447864,-0.26893994012356265,0.07607546363025906
5.0,-1.2644671760222974,-1.01035380251795,0.9559175965384796,-0.9422788274385742,1.6327287737436504,0.862644380084191,-1.080028282551829,-1.0317496806713133,-0.6988715940237161,-0.45485316280081955,0.9263725296782762,0.12185082801175015,0.5056967259754813,-0.26893994012356265,0.716581786452763
5.0,-0.02376818000041905,1.3181437026227558,1.5670612025422017,-0.9422788274385742,1.6327287737436504,0.016215119926394517,0.6305899064461621,0.7102930088888066,0.44115408330353634,0.2867693088615134,1.2358648545765991,0.7844147053256411,2.2332732374885786,0.3577861703429538,2.638100754920275
3.0,1.2169308160214594,-0.4282294262327735,-0.7867572793235931,-0.9422788274385742,-0.6101249628199958,-0.8302141402314019,-0.640422841105222,-0.6711830398113737,-0.8224484760154679,-1.6268499473483895,-1.405432122400644,-1.0045077634218644,-0.530849180932377,-0.26893994012356265,-0.5644308591922449
6.0,-0.02376818000041905,1.0270815144801677,-0.7509092615318887,1.0571908795652296,-0.6101249628199958,0.016215119926394517,0.45531012488855976,0.4146933303459731,-1.761595777138579,0.285946348017548,-1.1333750390518054,-0.9051231818247808,-0.530849180932377,-0.26893994012356265,-0.5644308591922449
5.0,1.2169308160214594,0.4449571381949912,-1.0806813266348951,1.0571908795652296,-0.6101249628199958,-0.8302141402314019,-0.018976342855540965,-0.06281384268475751,-1.2487301042315977,-0.3257779495168758,-0.2804124430402081,-0.7394822124963081,-0.012576227478447864,-0.26893994012356265,0.07607546363025906
3.0,-1.2644671760222974,-0.7192916143753617,-0.3394139365621636,1.0571908795652296,-0.6101249628199958,0.016215119926394517,-0.8335117983291048,-0.8493781364525793,-2.1169676395494723,-1.2647174634351377,-0.3167025595350493,-0.8388667940933917,-0.530849180932377,-0.8956660505900791,-0.35092875158474357
3.0,1.2169308160214594,-0.13716723809018525,-0.5977619713091539,1.0571908795652296,-0.6101249628199958,-0.8302141402314019,-0.3971869945052337,-0.425236682468043,-1.390685928445639,-0.20392101695191714,-0.4875677848383073,-0.8057386002276972,-0.530849180932377,-0.26893994012356265,-0.5644308591922449
5.0,-0.02376818000041905,1.6092058907653441,1.3498572895467087,1.0571908795652296,1.6327287737436504,-0.8302141402314019,1.0036452704029843,1.0606505556703438,0.2691208804027962,-0.2550120797778797,0.9717563470289496,0.12185082801175015,0.16018142367286184,0.3577861703429538,0.07607546363025906
4.0,-1.2644671760222974,-1.3014159906605383,1.0041212640008483,1.0571908795652296,-0.6101249628199958,-0.8302141402314019,-1.3452912674759012,-1.2911534802089015,-0.5385736044619781,0.32752613905323164,0.4024914981262624,-0.17630291677950077,0.33293907482417157,-0.8956660505900791,0.716581786452763
6.0,1.2169308160214594,1.3181437026227558,0.5427278395692497,-0.9422788274385742,1.6327287737436504,-0.8302141402314019,0.6113747432272804,0.6184111621831847,0.020705257939473833,0.569572279105515,-1.13237960969052,-0.308815692242279,-0.530849180932377,-0.26893994012356265,-0.5644308591922449
6.0,-1.2644671760222974,-1.01035380251795,-0.5336083597392796,-0.9422788274385742,-0.6101249628199958,0.016215119926394517,-1.0195708177899823,-1.0396385260955332,-0.15227818810765223,0.13074222418818954,-0.6320426835341985,-0.5075848554364463,-1.2218797855376158,-1.5223921610565956,-0.9914350744072475
6.0,-0.02376818000041905,-0.4282294262327735,-0.31128737670148027,-0.9422788274385742,-0.6101249628199958,-0.8302141402314019,-0.6118344275356666,-0.6289545143052546,1.0495726662618126,-1.293408082942882,-1.5088502267789863,-0.2756874983765844,-1.2218797855376158,-1.5223921610565956,-0.9914350744072475
6.0,-0.02376818000041905,-0.13716723809018525,-0.47162987077064383,1.0571908795652296,-0.6101249628199958,-0.8302141402314019,-0.3915630442948294,-0.4159556878513136,0.2052705858999232,-1.2380552133043206,-1.508850226778913,-0.6400976308992244,-0.1853338786297576,-0.8956660505900791,0.07607546363025906
6.0,-1.2644671760222974,-0.7192916143753617,-0.8795787536375725,1.0571908795652296,-0.6101249628199958,-0.8302141402314019,-0.7674303833568538,-0.7992607655222401,-0.7885058227841318,-0.2539573438419332,-0.14826487975500827,-0.6069694370335299,-1.2218797855376158,-1.5223921610565956,-0.9914350744072475
6.0,-0.02376818000041905,0.4449571381949912,-1.4310858491456138,1.0571908795652296,-0.6101249628199958,-0.8302141402314019,0.010549395749081947,-0.040539455604606756,-0.9154996093299858,-1.597355427332378,-1.2888310394086866,-1.0045077634218644,-0.8763644832349964,-0.8956660505900791,-0.7779329667997462
2.0,-1.2644671760222974,1.6092058907653441,-0.07590973136305462,-0.9422788274385742,-0.6101249628199958,-0.8302141402314019,1.9226924672865626,1.8889793252134481,-0.5778293585934274,-1.410310039014037,1.1323872098011154,-0.3750720799736681,-0.8763644832349964,-0.8956660505900791,-0.7779329667997462
4.0,-0.02376818000041905,-0.13716723809018525,-0.5977619713091539,-0.9422788274385742,-0.6101249628199958,0.016215119926394517,0.3273652576018607,0.29218420140514434,0.028160179099268556,-0.3989187098355547,-0.32748515493920677,-0.6069694370335299,-0.1853338786297576,-0.8956660505900791,0.07607546363025906
5.0,1.2169308160214594,-1.3014159906605383,0.05430771239658495,-0.9422788274385742,1.6327287737436504,2.555502900399784,-1.0383173184913301,-1.0377823271721873,-0.16706683899888797,2.038040143223798,-0.17312952365325562,-0.07691833518241714,0.33293907482417157,1.6112383912759867,-0.13742664397724225
5.0,-0.02376818000041905,0.4449571381949912,0.9206912594803348,-0.9422788274385742,1.6327287737436504,0.862644380084191,0.74447489820685,0.7724756728208939,1.315512022668915,1.6045414158129767,0.6534295024862008,0.48626096053439016,0.33293907482417157,-0.26893994012356265,0.5030796788452617
5.0,1.2169308160214594,-0.7192916143753617,0.42532220109200947,-0.9422788274385742,1.6327287737436504,0.862644380084191,-0.40093629464550334,-0.389968902924471,-0.49118229022535875,-0.04018720666810567,1.3827307577863095,-0.010661947451028045,0.5056967259754813,1.6112383912759867,0.07607546363025906
2.0,-1.2644671760222974,0.7360193263375794,-0.2428078230642327,1.0571908795652296,1.6327287737436504,0.016215119926394517,0.9783374944561648,0.9478864710770805,-0.4715920377598227,0.7544604376277436,0.5696491385383874,0.0887226341460556,-0.1853338786297576,-0.26893994012356265,-0.13742664397724225
5.0,1.2169308160214594,-1.01035380251795,-0.977366250265927,1.0571908795652296,-0.6101249628199958,0.016215119926394517,-0.6868204303410579,-0.7217644604725492,-0.7007840163006636,-0.4945259926405593,-0.7175391894025583,-0.7726104063620026,-0.3580915297810673,0.3577861703429538,-0.5644308591922449
4.0,1.2169308160214594,-1.5924781788031264,0.29985622930223543,1.0571908795652296,1.6327287737436504,1.7090736402419873,-1.3720050309753218,-1.3575125917185173,0.7480495397799433,0.4953311487288101,-0.17517833450758058,-0.07691833518241714,-0.1853338786297576,0.3577861703429538,-0.35092875158474357
3.0,-0.02376818000041905,-0.4282294262327735,0.8920131760452088,1.0571908795652296,1.6327287737436504,0.862644380084191,0.014767358406885372,0.04809404298515943,-0.21461646416382013,1.408055504853144,1.714589433038038,0.6850301237285574,1.0239696794294104,0.3577861703429538,1.1435860016677657
3.0,-1.2644671760222974,1.3181437026227558,-0.2835869932704134,1.0571908795652296,-0.6101249628199958,0.016215119926394517,1.59275405494284,1.5548635190111875,0.5659821646918255,-0.36093374020237967,-0.43629907524416967,-0.40820027383936264,-0.012576227478447864,-0.26893994012356265,0.07607546363025906
5.0,-0.02376818000041905,0.15389495005240297,0.1435054187635838,1.0571908795652296,1.6327287737436504,0.862644380084191,0.5120182895101368,0.5010065802815572,-0.8690345704660515,0.4720276107086768,1.2064591408254755,0.25436360347452835,0.5056967259754813,-0.26893994012356265,0.716581786452763
5.0,-1.2644671760222974,-0.13716723809018525,1.4696030205739654,-0.9422788274385742,1.6327287737436504,-0.8302141402314019,-0.14270324748443666,-0.06420599187726699,0.5246777604029135,-1.1031908551317497,2.12742888602526,1.7782605212964775,-0.530849180932377,0.3577861703429538,-0.7779329667997462
6.0,-1.2644671760222974,0.4449571381949912,0.15435524485606728,-0.9422788274385742,-0.6101249628199958,0.016215119926394517,0.3578283212415509,0.348798268567194,-0.7871622824607518,1.6705080946315205,0.7150180818562076,0.25436360347452835,-1.0491221343863062,-0.8956660505900791,-0.9914350744072475
5.0,-0.02376818000041905,1.0270815144801677,-0.7157506716094488,-0.9422788274385742,-0.6101249628199958,0.016215119926394517,0.7496301858997207,0.7070446607729511,-1.0419110070950572,0.23261985279415887,-0.09105524072704804,-0.6069694370335299,-0.7036068320836867,-0.26893994012356265,-0.7779329667997462
3.0,1.2169308160214594,-0.7192916143753617,-0.6141584070507196,-0.9422788274385742,-0.6101249628199958,1.7090736402419873,-0.5893386266940491,-0.6159611218418333,-0.6083380127308045,-0.2539573438417532,-0.1312602658668107,-0.4744566615707517,0.16018142367286184,0.9845122808094702,-0.13742664397724225
5.0,-0.02376818000041905,1.6092058907653441,-1.2128972608433797,-0.9422788274385742,-0.6101249628199958,0.016215119926394517,1.2009521902846705,1.1423233082975632,-0.881063368613917,-0.9282498445215379,-0.07470793382295811,-0.7063540186306135,-0.8763644832349964,-0.26893994012356265,-0.9914350744072475
4.0,1.2169308160214594,-1.3014159906605383,1.1352304975818723,-0.9422788274385742,1.6327287737436504,-0.8302141402314019,-1.0345680183510606,-0.9742075140475905,1.3562928894338597,0.4346771682502399,0.8338884140211169,1.1156966439825866,2.578788539791198,1.6112383912759867,2.638100754920275
5.0,-1.2644671760222974,0.15389495005240297,-0.841882772147955,1.0571908795652296,-0.6101249628199958,-0.8302141402314019,0.20879364066583547,0.1682829232718061,-0.20651824102657307,-0.40004599807847496,-1.0501836139303689,-0.7063540186306135,-1.2218797855376158,-1.5223921610565956,-0.9914350744072475
5.0,-1.2644671760222974,-0.4282294262327735,-2.1090877453879298,1.0571908795652296,-0.6101249628199958,-0.8302141402314019,-0.25611957672759106,-0.31479284652896244,-1.0411296973277724,-1.2647174634350424,-0.8068335321338106,-0.97137956955617,-1.0491221343863062,-0.8956660505900791,-0.9914350744072475
5.0,-0.02376818000041905,1.3181437026227558,0.1435054187635782,1.0571908795652296,-0.6101249628199958,1.7090736402419873,0.9474057682989407,0.9321087802286405,0.36005463377417374,0.4454141937523186,-0.10807907483852011,-0.010661947451028045,0.16018142367286184,0.3577861703429538,0.07607546363025906
4.0,1.2169308160214594,-1.01035380251795,-1.0386521117094398,1.0571908795652296,-0.6101249628199958,0.862644380084191,-0.7421226074100341,-0.7779144779037624,-0.8570913156348008,-0.6368440814630612,-0.45609021007420825,-0.673225824764919,-0.530849180932377,-0.26893994012356265,-0.5644308591922449
3.0,1.2169308160214594,-1.5924781788031264,-0.08822082388349452,1.0571908795652296,-0.6101249628199958,0.862644380084191,-1.5252576742088404,-1.5254985942813204,-1.21894295890071,2.006122901317856,-0.16598150930872163,-0.010661947451028045,0.16018142367286184,0.3577861703429538,0.07607546363025906
6.0,-0.02376818000041905,-0.7192916143753617,-2.5263880058343116,-0.9422788274385742,-0.6101249628199958,-0.8302141402314019,-0.9820778163872865,-1.0382463769030237,-1.0017573167467402,-1.1567776468250988,-1.2184857538545844,-1.1370205388846426,-1.0491221343863062,-0.8956660505900791,-0.9914350744072475
4.0,-1.2644671760222974,1.0270815144801677,3.18951412721466,-0.9422788274385742,1.6327287737436504,0.862644380084191,0.6212166560954882,0.9437100234995524,3.0671178359805062,2.49712016983365,3.0712912454982786,6.6812332134192705,4.824638004758224,4.118142833142052,4.559619723387787
7.0,-1.2644671760222974,1.6092058907653441,-0.9573858291956354,-0.9422788274385742,-0.6101249628199958,0.016215119926394517,1.43294013646385,1.3775965218316546,-0.2878162541742606,-1.5624808950212936,-0.06043605879179199,-0.7726104063620026,-1.0491221343863062,-0.8956660505900791,-0.9914350744072475
7.0,1.2169308160214594,-0.13716723809018525,0.7335966135006841,-0.9422788274385742,1.6327287737436504,0.862644380084191,-0.5143526238886578,-0.48556314747678453,1.5686541945835808,0.3556091382312411,-0.1654722893275375,0.6850301237285574,1.3694849817320298,0.9845122808094702,1.357088109275267
7.0,1.2169308160214594,0.4449571381949912,2.126408269735468,-0.9422788274385742,1.6327287737436504,5.94121994103097,0.07522482316873207,0.22118459258716391,2.409418666551927,2.247252541273643,1.7777891572506295,3.0040036943271757,2.0605155863372686,4.118142833142052,1.1435860016677657
7.0,-0.02376818000041905,-1.3014159906605383,-0.35364117047034793,-0.9422788274385742,-0.6101249628199958,0.016215119926394517,-1.4202772702812925,-1.43083244919068,0.9879459730161454,-1.026705401471632,-1.0844261523537866,-0.308815692242279,-0.530849180932377,0.3577861703429538,-0.7779329667997462
7.0,1.2169308160214594,0.15389495005240297,1.2634700223660575,1.0571908795652296,1.6327287737436504,0.862644380084191,-0.2987678658231575,-0.235904392286762,1.8463994054065578,1.8257645889721366,1.0729856009028311,1.1819530317139757,2.578788539791198,2.8646906122090194,2.2110965397052724
6.0,-1.2644671760222974,1.3181437026227558,-0.2835869932704134,1.0571908795652296,-0.6101249628199958,0.016215119926394517,1.2300092663717594,1.1956890273437575,0.8294889931011703,0.13074222418813938,-1.2711944586130872,-0.17630291677950077,-0.3580915297810673,-0.8956660505900791,-0.13742664397724225
7.0,-0.02376818000041905,-1.01035380251795,0.05430771239658495,1.0571908795652296,1.6327287737436504,1.7090736402419873,-1.1498589976643498,-1.148226163111268,0.6010147567090476,-0.16713344714822895,0.4959130000872124,-0.010661947451028045,0.5056967259754813,0.3577861703429538,0.5030796788452617
7.0,1.2169308160214594,-0.4282294262327735,0.848134501851572,1.0571908795652296,-0.6101249628199958,-0.8302141402314019,-0.762275095663983,-0.7240847091267316,1.3229833847061088,1.9877262755789904,-0.6208303897026759,0.8837992869227248,2.0605155863372686,0.3577861703429538,2.4245986473127736
7.0,-0.02376818000041905,-1.5924781788031264,-1.0806813266348985,1.0571908795652296,-0.6101249628199958,0.862644380084191,-1.5754045635849458,-1.6039229987926842,0.55182242706823,-1.0267054014716532,-0.7941835898323838,-0.6400976308992244,-0.8763644832349964,-0.26893994012356265,-0.9914350744072475
2.0,1.2169308160214594,1.0270815144801677,0.1758636144738845,-0.9422788274385742,-0.6101249628199958,-0.8302141402314019,0.30393213172517586,0.2963606489826725,-1.0419110070951905,-0.9513605900727888,-0.8610437834435525,-0.8057386002276972,-0.3580915297810673,0.3577861703429538,-0.5644308591922449
2.0,1.2169308160214594,1.6092058907653441,0.5251489509498529,-0.9422788274385742,-0.6101249628199958,0.016215119926394517,0.6741755205767955,0.6796657266535994,-1.573412205589462,-0.9528131804424319,-0.5087256260497877,-0.8057386002276972,-0.3580915297810673,0.3577861703429538,-0.5644308591922449
5.0,-0.02376818000041905,-0.7192916143753617,-0.11309454541450825,-0.9422788274385742,-0.6101249628199958,0.016215119926394517,-0.9731732285541462,-0.9797761108176282,-0.8917490376310142,-0.7689822206821192,-0.41616986759080166,-0.5738412431678354,-0.1853338786297576,0.3577861703429538,-0.35092875158474357
5.0,-1.2644671760222974,0.4449571381949912,0.43462598875773956,-0.9422788274385742,1.6327287737436504,0.862644380084191,-0.06631125712644412,-0.058173345376392786,-1.8655108965012133,-1.3502033914233538,-0.6799641199292524,-0.9382513756904753,-0.7036068320836867,-0.8956660505900791,-0.5644308591922449
6.0,-0.02376818000041905,-1.3014159906605383,0.6775864021690239,-0.9422788274385742,-0.6101249628199958,0.016215119926394517,-1.3724736934928554,-1.338486552754222,-1.1896749394856578,-0.16814698437615477,0.11790138538286565,-0.6069694370335299,0.16018142367286184,-0.26893994012356265,0.2895775712377604
4.0,-1.2644671760222974,-0.13716723809018525,-0.5654037755988504,-0.9422788274385742,-0.6101249628199958,-0.8302141402314019,-0.54762766263355,-0.5732685466048778,-2.044442324148484,-0.5146365288381077,-0.5979766033310302,-0.9051231818247808,-0.8763644832349964,-0.8956660505900791,-0.7779329667997462
2.0,-1.2644671760222974,0.15389495005240297,-0.5023564819632982,1.0571908795652296,-0.6101249628199958,0.016215119926394517,-0.31048442876149995,-0.3366031838782766,-1.9968554232521762,0.0716122614640007,-0.317833782487332,-0.7394822124963081,-0.7036068320836867,-0.8956660505900791,-0.5644308591922449
5.0,-0.02376818000041905,-1.5924781788031264,-0.06368098790371188,1.0571908795652296,-0.6101249628199958,0.862644380084191,-1.5927450767336926,-1.5913936560600999,-0.2973201011243016,0.11566448346015351,0.3190691850450322,-0.07691833518241714,0.678454377126791,-0.26893994012356265,0.9300838940602644
2.0,-1.2644671760222974,-0.4282294262327735,-0.24280782306421683,1.0571908795652296,-0.6101249628199958,-0.8302141402314019,-0.7285313944015569,-0.7421826486293539,-1.5373397760552212,-0.8813440967051501,-1.2016835284477165,-0.97137956955617,-0.3580915297810673,-0.26893994012356265,-0.35092875158474357
4.0,1.2169308160214594,0.4449571381949912,-0.05153349915364151,-0.9422788274385742,-0.6101249628199958,-0.8302141402314019,0.7557227986276591,0.7344235948923029,-0.013681180735902005,-0.16916099312636057,0.5125568158907455,-0.40820027383936264,-0.530849180932377,-0.8956660505900791,-0.35092875158474357
4.0,-0.02376818000041905,1.6092058907653441,-0.21611843912289216,-0.9422788274385742,-0.6101249628199958,-0.8302141402314019,2.0370461215647846,1.9971029124983462,0.19893663932370811,-0.4957038428552066,-0.2162501435290168,-0.4413284677050572,-0.530849180932377,-0.26893994012356265,-0.5644308591922449
5.0,-1.2644671760222974,-1.3014159906605383,1.0510865341170779,-0.9422788274385742,-0.6101249628199958,0.016215119926394517,-1.0575324817102116,-1.0029785973594518,-0.5969071676054013,1.2647287012207526,1.9503076814211397,1.2482094194453648,-0.530849180932377,-0.26893994012356265,-0.5644308591922449
7.0,-0.02376818000041905,1.0270815144801677,1.7340263407394145,-0.9422788274385742,1.6327287737436504,0.862644380084191,1.5041768391289716,1.5915234477472688,1.0683623836289828,1.5206910437124896,1.817104132158798,1.6457477458336993,1.7150002840346492,-0.26893994012356265,2.2110965397052724
4.0,1.2169308160214594,-0.13716723809018525,1.096875447506333,-0.9422788274385742,-0.6101249628199958,0.016215119926394517,0.107562536878557,0.15389738161587532,1.284311970478191,1.3011953319186893,-0.05996275230844504,0.6519019298628629,0.678454377126791,0.9845122808094702,0.5030796788452617
2.0,-1.2644671760222974,-0.7192916143753617,-1.8008133329792577,-0.9422788274385742,-0.6101249628199958,-0.8302141402314019,-0.38828240667209335,-0.4414784230473196,-0.2898125995085925,-1.293408082942882,-1.3851348314405632,-0.8719949879590863,-0.8763644832349964,-0.8956660505900791,-0.7779329667997462
3.0,-0.02376818000041905,1.3181437026227558,-0.015567939308272254,1.0571908795652296,-0.6101249628199958,0.016215119926394517,1.7942789374823294,1.764149947618437,0.7866342474077737,0.14571637889254876,0.009781691582503294,-0.2756874983765844,-0.1853338786297576,-0.8956660505900791,0.07607546363025906
4.0,-0.02376818000041905,0.7360193263375794,0.9628821395542919,1.0571908795652296,-0.6101249628199958,-0.8302141402314019,1.1601785512592386,1.186872082457864,0.6165150046020748,-0.005100246914757779,1.3135422378507067,0.48626096053439016,-0.1853338786297576,-0.26893994012356265,-0.13742664397724225
3.0,-1.2644671760222974,-1.5924781788031264,0.2389109081094357,1.0571908795652296,-0.6101249628199958,-0.8302141402314019,-1.3785663062207933,-1.3667935863352467,1.1618080321647384,-0.053612046632222014,-0.657593519854981,0.12185082801175015,-0.3580915297810673,-0.8956660505900791,-0.13742664397724225
3.0,-1.2644671760222974,-1.01035380251795,-1.0386521117094398,1.0571908795652296,-0.6101249628199958,-0.8302141402314019,-0.6174583777460709,-0.6544772495012606,-1.2496142449809884,-1.628830512472605,-1.4260190193794586,-1.1701487327503373,-1.2218797855376158,-1.5223921610565956,-0.9914350744072475
4.0,1.2169308160214594,-0.4282294262327735,0.1758636144738845,1.0571908795652296,-0.6101249628199958,0.862644380084191,-0.1703543360189246,-0.17325767862383815,0.8837378984446581,0.6636301380958102,-0.7461865475924467,0.022466246414666505,0.33293907482417157,0.9845122808094702,0.07607546363025906
6.0,1.2169308160214594,0.15389495005240297,0.04284566650800212,1.0571908795652296,-0.6101249628199958,-0.8302141402314019,0.5626338414037761,0.546947503634368,0.39827838113920205,0.6972848091508042,-0.3269156365573794,-0.2756874983765844,0.5056967259754813,0.9845122808094702,0.2895775712377604
5.0,-0.02376818000041905,-0.13716723809018525,-1.1901865298993068,-0.9422788274385742,-0.6101249628199958,-0.8302141402314019,-0.43983528360079993,-0.4818507496300927,0.22339472180837083,-0.3820789780973882,-1.4870560570889626,-0.6400976308992244,-1.2218797855376158,-1.5223921610565956,-0.9914350744072475
5.0,1.2169308160214594,1.0270815144801677,0.48947581266188184,-0.9422788274385742,-0.6101249628199958,-0.8302141402314019,0.2940902188569681,0.3014651960218738,0.7553017675226293,-0.4011738696530473,-0.09153885889878638,0.12185082801175015,1.3694849817320298,0.9845122808094702,1.357088109275267
6.0,1.2169308160214594,1.6092058907653441,-0.08822082388348516,-0.9422788274385742,-0.6101249628199958,0.016215119926394517,0.653554369805313,0.6318686043774429,-0.4544294737759687,0.2727365392847257,0.5280666428193161,-0.2425593045108899,-0.3580915297810673,-0.26893994012356265,-0.35092875158474357
5.0,-1.2644671760222974,-1.3014159906605383,0.6856936896489711,-0.9422788274385742,1.6327287737436504,-0.8302141402314019,-1.3429479548882326,-1.3087873699806876,0.5707753903920847,0.13074222418816445,0.8262271138881723,0.5193891544000847,0.33293907482417157,-0.8956660505900791,0.716581786452763
4.0,-1.2644671760222974,-0.7192916143753617,0.6114003386603197,-0.9422788274385742,1.6327287737436504,0.016215119926394517,-0.8128906475576222,-0.7881235719821649,0.995396645165941,-0.273021125161712,0.19289396530347533,0.353748185071612,-0.012576227478447864,-0.26893994012356265,0.07607546363025906
6.0,-0.02376818000041905,0.4449571381949912,-1.832608748838815,-0.9422788274385742,-0.6101249628199958,-0.8302141402314019,0.007268758126346126,-0.050284499952172795,-0.6899756389038617,-1.5644037992212,-1.0370834933171116,-0.9051231818247808,-1.2218797855376158,-1.5223921610565956,-0.9914350744072475
6.0,-0.02376818000041905,-0.4282294262327735,-0.6642489467320688,1.0571908795652296,-0.6101249628199958,0.016215119926394517,-0.5841833390011784,-0.6122487239951415,0.5815103898925004,-1.6288305124727176,-0.6208303897027554,-0.6400976308992244,-0.8763644832349964,-0.8956660505900791,-0.7779329667997462
7.0,1.2169308160214594,0.7360193263375794,-0.7687454062314512,1.0571908795652296,-0.6101249628199958,-0.8302141402314019,0.15396012611439308,0.1158453036872846,0.509543526413479,-0.7006172605681785,-0.9320191472780028,-0.5738412431678354,-1.0491221343863062,-0.8956660505900791,-0.9914350744072475
6.0,-0.02376818000041905,0.15389495005240297,1.0377905458342676,1.0571908795652296,1.6327287737436504,-0.8302141402314019,-0.20128606217614867,-0.1560878385828887,1.7380024482894385,0.6413677113541413,0.5119202066584708,1.3475940010424485,0.5056967259754813,-0.26893994012356265,0.716581786452763
6.0,-1.2644671760222974,-1.01035380251795,0.27976602349503094,1.0571908795652296,-0.6101249628199958,-0.8302141402314019,-1.0130095425445105,-1.0029785973594518,0.5662821424213874,1.77023793502908,0.02413877323946045,-0.11004652904811169,-0.1853338786297576,-0.8956660505900791,0.07607546363025906
5.0,1.2169308160214594,-1.3014159906605383,-1.2827729125482499,-0.9422788274385742,-0.6101249628199958,-0.8302141402314019,-1.0659684070258182,-1.1036773889509666,-0.628378400732302,-0.5349343474429352,-0.4567130785499583,-0.7394822124963081,-0.7036068320836867,-0.26893994012356265,-0.7779329667997462
5.0,-0.02376818000041905,-0.13716723809018525,-0.16388087590565723,-0.9422788274385742,-0.6101249628199958,-0.8302141402314019,-0.05318870663550057,-0.07070268810897751,0.39860985756664774,0.6650140186306177,0.44312900606177097,0.1549790218774447,-0.7036068320836867,-0.26893994012356265,-0.7779329667997462
4.0,-1.2644671760222974,1.0270815144801677,1.659585916798614,-0.9422788274385742,1.6327287737436504,0.862644380084191,0.8822616783617571,0.9683046592338858,0.8637563978374809,0.24691244020037326,2.182879934747145,2.142670653819118,3.4425767955477466,0.3577861703429538,4.132615508172783
4.0,1.2169308160214594,-0.7192916143753617,0.1435054187635838,-0.9422788274385742,1.6327287737436504,0.016215119926394517,-0.5705921259927014,-0.5709482979506955,1.0380612051512004,0.7101960311966062,-0.3263463428819621,0.25436360347452835,0.5056967259754813,0.9845122808094702,0.2895775712377604
4.0,-1.2644671760222974,1.6092058907653441,0.09945050797360407,-0.9422788274385742,1.6327287737436504,-0.8302141402314019,1.516362064584848,1.493608954540773,-0.027720790146340143,1.3253421323669077,0.6151143700176874,0.022466246414666505,-0.3580915297810673,-0.26893994012356265,-0.35092875158474357
4.0,-0.02376818000041905,0.4449571381949912,-0.1006153820752165,-0.9422788274385742,-0.6101249628199958,0.016215119926394517,0.3582969837590845,0.33905322421962825,0.1615684034106775,1.1575969413308687,0.25736034310993106,-0.04379014131672259,-0.7036068320836867,-0.26893994012356265,-0.7779329667997462
5.0,1.2169308160214594,-1.01035380251795,-0.07590973136305462,1.0571908795652296,1.6327287737436504,0.016215119926394517,-0.8114846600050211,-0.8182868044865357,0.2837355195688575,1.931199094506439,-0.6097045529728845,-0.17630291677950077,-0.012576227478447864,0.3577861703429538,-0.13742664397724225
5.0,-0.02376818000041905,0.15389495005240297,-0.5494369463286894,1.0571908795652296,-0.6101249628199958,-0.8302141402314019,0.18395452723654954,0.15157713296169298,0.08344151151230508,0.2173836696462607,-0.8602195190386018,-0.3750720799736681,-0.1853338786297576,-0.26893994012356265,-0.13742664397724225
4.0,-1.2644671760222974,1.3181437026227558,-0.5494369463286894,1.0571908795652296,1.6327287737436504,0.862644380084191,1.2047014904249398,1.1622774467235313,-1.0017573167467186,-0.701911951291783,0.36702628383347913,-0.673225824764919,-0.8763644832349964,-0.26893994012356265,-0.9914350744072475
5.0,1.2169308160214594,-1.5924781788031264,-1.8326087488388108,1.0571908795652296,-0.6101249628199958,-0.8302141402314019,-1.4357431333599042,-1.479093621197673,-0.21557176869172606,-1.6288305124726614,-0.861868518991431,-1.0045077634218644,-1.2218797855376158,-1.5223921610565956,-0.9914350744072475
6.0,-0.02376818000041905,1.6092058907653441,-1.9656266968047107,-0.9422788274385742,-0.6101249628199958,-0.8302141402314019,0.9567790186496147,0.8880240557991756,-2.0687511609423046,0.024796311227845903,-1.4668403176173677,-1.037635957287559,-1.2218797855376158,-1.5223921610565956,-0.9914350744072475
6.0,1.2169308160214594,-1.3014159906605383,-0.6812554910495312,-0.9422788274385742,-0.6101249628199958,-0.8302141402314019,-1.0589384692628128,-1.0827951510633254,0.7816285050587813,-1.2380552133043206,-1.2711944586129313,-0.3750720799736681,-0.012576227478447864,-0.26893994012356265,0.07607546363025906
5.0,-0.02376818000041905,1.0270815144801677,-1.2128972608433797,-0.9422788274385742,-0.6101249628199958,-0.8302141402314019,0.6249659562357575,0.5720061890995374,-1.3878027941499467,-0.2539573438417532,-0.2444748355336341,-0.9051231818247808,-0.530849180932377,-0.8956660505900791,-0.35092875158474357
3.0,-1.2644671760222974,-0.13716723809018525,-0.841882772147955,-0.9422788274385742,-0.6101249628199958,-0.8302141402314019,-0.07240386985438223,-0.1101469152300777,0.3529175327546639,-1.4391794911250455,-0.9037181695761878,-0.6400976308992244,-0.530849180932377,-0.26893994012356265,-0.5644308591922449
4.0,1.2169308160214594,-0.7192916143753617,-1.8979082020824738,-0.9422788274385742,1.6327287737436504,-0.8302141402314019,-0.7435285949626351,-0.7946202682138754,-1.403237023994778,0.19003131986317434,-0.889352679533358,-0.9382513756904753,-1.2218797855376158,-1.5223921610565956,-0.9914350744072475
4.0,-1.2644671760222974,0.4449571381949912,-0.7509092615318887,-0.9422788274385742,-0.6101249628199958,0.016215119926394517,0.2725317430504183,0.23371393531974863,0.06858102075928159,-0.9282498445216195,-0.7545864775450938,-0.5407130493021408,-0.8763644832349964,-0.8956660505900791,-0.7779329667997462
6.0,-0.02376818000041905,1.3181437026227558,-2.0359503794714056,1.0571908795652296,-0.6101249628199958,-0.8302141402314019,0.8255535137401797,0.7571620317032906,-0.9895930240748128,-0.8827507516550938,-0.7545864775450938,-0.9382513756904753,-0.8763644832349964,-0.26893994012356265,-0.9914350744072475
4.0,-1.2644671760222974,0.15389495005240297,-1.6788888069808068,1.0571908795652296,-0.6101249628199958,-0.8302141402314019,0.13240165030784296,0.07593702683534781,-0.1829237912081542,-0.8107824283718018,-1.4668403176173677,-0.9382513756904753,-1.2218797855376158,-1.5223921610565956,-0.9914350744072475
6.0,1.2169308160214594,-1.01035380251795,-1.8008133329792488,1.0571908795652296,-0.6101249628199958,-0.8302141402314019,-0.8766287499422049,-0.9250182425789244,-0.5098647803375808,-0.3051693741798191,-0.9028691699625486,-0.9382513756904753,-0.7036068320836867,-0.26893994012356265,-0.7779329667997462
6.0,1.2169308160214594,-1.5924781788031264,-0.502356481963302,1.0571908795652296,1.6327287737436504,0.862644380084191,-1.3077982660732055,-1.3241010110982911,-0.1833924462453104,0.9758574051461537,-0.5407255188583742,-0.5407130493021408,-0.012576227478447864,0.3577861703429538,-0.13742664397724225
5.0,-0.02376818000041905,0.7360193263375794,-2.573876138911541,1.0571908795652296,-0.6101249628199958,-0.8302141402314019,0.47686860069510967,0.40587638546008026,-1.8439551227735822,0.16146003155087568,-1.4054321224005757,-1.1701487327503373,-1.0491221343863062,-0.8956660505900791,-0.9914350744072475
5.0,-1.2644671760222974,1.6092058907653441,1.7248853700422757,-0.9422788274385742,1.6327287737436504,-0.8302141402314019,2.5647601163077263,2.6407398891685343,0.6493781345348324,1.456698714722409,2.049174163620088,2.3745680108789795,0.8512120282781007,0.9845122808094702,0.716581786452763
4.0,-0.02376818000041905,-0.7192916143753617,1.511272980201241,-0.9422788274385742,1.6327287737436504,2.555502900399784,-0.6347988908948177,-0.5477458114088718,1.1559064311102685,1.0726406774109327,1.054305943209681,1.3475940010424485,1.7150002840346492,1.6112383912759867,1.5705902168827683
4.0,1.2169308160214594,-0.13716723809018525,-2.000450422667069,-0.9422788274385742,-0.6101249628199958,0.016215119926394517,0.1567721012195951,0.09542711553047989,-1.7413255769647118,0.17449342758778597,-0.9020206696136815,-0.9382513756904753,-0.7036068320836867,0.3577861703429538,-0.9914350744072475
6.0,-0.02376818000041905,-1.3014159906605383,1.787932663677825,-0.9422788274385742,1.6327287737436504,3.40193216055758,-1.2440601636886226,-1.1240955771077712,1.2479302489459383,0.7438119314683481,1.5770964437649317,1.8445169090278666,3.269819144396437,1.6112383912759867,3.4921091853502797
3.0,-1.2644671760222974,1.0270815144801677,0.5339595238128494,-0.9422788274385742,-0.6101249628199958,0.016215119926394517,1.8345839139902274,1.829116909935543,0.11669854509146181,-0.7253488627999357,1.2381762284016529,0.6187737359971683,0.16018142367286184,-0.26893994012356265,0.2895775712377604
3.0,1.2169308160214594,0.4449571381949912,0.6856936896489739,-0.9422788274385742,-0.6101249628199958,0.862644380084191,0.7454122232419176,0.7590182306266363,0.4307812246051274,1.2217557738260805,0.11790138538293095,0.5193891544000847,1.7150002840346492,0.9845122808094702,1.7840923244902696
1.0,-1.2644671760222974,0.7360193263375794,1.437715171499996,1.0571908795652296,1.6327287737436504,0.016215119926394517,1.3570168086233911,1.417968848414428,1.3860114320323182,1.5746708534671707,1.6661983767785118,2.109542459953423,2.578788539791198,0.9845122808094702,2.851602862527776
6.0,1.2169308160214594,-0.4282294262327735,0.6198058262519581,1.0571908795652296,-0.6101249628199958,0.016215119926394517,-0.15770044804551486,-0.13891799854193898,0.9280873983027004,0.7663781501410298,0.5236522496853003,0.5856455421314738,1.3694849817320298,-0.26893994012356265,1.7840923244902696
3.0,1.2169308160214594,0.15389495005240297,-0.36797999166642087,1.0571908795652296,-0.6101249628199958,0.016215119926394517,0.5152989271328727,0.4852288894331172,-0.231413256847124,-0.9039602453441524,-0.10758988181732242,-0.4744566615707517,-0.1853338786297576,-0.26893994012356265,-0.13742664397724225
3.0,-0.02376818000041905,-1.01035380251795,-0.6984217235647271,1.0571908795652296,-0.6101249628199958,-0.8302141402314019,-0.8119533225225548,-0.8387049926433403,-0.8231343756838071,-0.03732118157504172,-0.08333931430872557,-0.17630291677950077,-0.530849180932377,-0.26893994012356265,-0.5644308591922449
5.0,-0.02376818000041905,-1.5924781788031264,-0.5494369463286894,1.0571908795652296,-0.6101249628199958,0.862644380084191,-1.5664999757518057,-1.5816486117125337,-0.6811265576829982,0.13162591030173082,0.04716857143763851,-0.3750720799736681,-0.1853338786297576,-0.26893994012356265,-0.13742664397724225
3.0,-1.2644671760222974,1.3181437026227558,1.857420945886452,1.0571908795652296,1.6327287737436504,1.7090736402419873,2.0637598850642047,2.158592218829439,-0.5879374543762608,1.1298308108170732,2.4304646140589514,2.0764142660877285,1.0239696794294104,0.3577861703429538,1.1435860016677657
5.0,1.2169308160214594,1.6092058907653441,-0.3969994951095138,-0.9422788274385742,-0.6101249628199958,-0.8302141402314019,0.9117874169663798,0.8768868622591004,-0.3906598479632371,-0.556634201373614,-1.3089333354855237,-0.6069694370335299,-0.530849180932377,-0.26893994012356265,-0.5644308591922449
5.0,-1.2644671760222974,0.4449571381949912,0.8182858334134009,-0.9422788274385742,1.6327287737436504,2.555502900399784,-0.02928691824128223,-0.00016712902183365838,-0.7764524793126192,-0.7877605305386797,1.1934156693244737,0.22123540960883378,1.0239696794294104,0.3577861703429538,1.1435860016677657
6.0,-0.02376818000041905,-0.7192916143753617,-1.3308859611436754,-0.9422788274385742,-0.6101249628199958,0.016215119926394517,-0.814765297627757,-0.85587483268429,-1.3706071628851726,-0.4387248837293344,-0.7808634454756955,-0.8057386002276972,-1.0491221343863062,-0.8956660505900791,-0.9914350744072475
3.0,1.2169308160214594,1.0270815144801677,0.9628821395542956,-0.9422788274385742,-0.6101249628199958,1.7090736402419873,0.3461117583032085,0.3808176999949108,1.5834509891103483,0.28676930886141977,-0.218361153125429,0.5525173482657793,2.2332732374885786,0.3577861703429538,2.638100754920275
5.0,-0.02376818000041905,-1.3014159906605383,1.1225346803747664,-0.9422788274385742,1.6327287737436504,1.7090736402419873,-1.4254325579741631,-1.362153089026882,0.8384404931660235,0.4469437459339299,0.4076342199840106,1.0163120623855029,1.5422426328833396,0.9845122808094702,1.5705902168827683
4.0,-1.2644671760222974,-0.13716723809018525,0.04284566650800866,-0.9422788274385742,1.6327287737436504,0.016215119926394517,-0.40890355744357615,-0.41502758838964043,-1.135928742759342,-1.410310039014037,0.6289783457781987,-0.34194388610797355,-0.530849180932377,-0.26893994012356265,-0.5644308591922449
5.0,-1.2644671760222974,0.15389495005240297,0.23891090810943477,1.0571908795652296,1.6327287737436504,0.016215119926394517,-0.2308118007807716,-0.2303357955167244,-0.9032225259094492,-0.32468841599295134,0.34432013851400856,-0.2425593045108899,0.8512120282781007,0.3577861703429538,0.9300838940602644
5.0,-0.02376818000041905,-1.01035380251795,0.33938620893664884,1.0571908795652296,-0.6101249628199958,-0.8302141402314019,-0.9933257168080952,-0.9807042102793012,0.11002090084761679,-0.3631499191115088,-0.3951231855841446,-0.5075848554364463,-0.8763644832349964,-0.8956660505900791,-0.7779329667997462
2.0,-0.02376818000041905,-1.5924781788031264,-0.5977619713091529,1.0571908795652296,-0.6101249628199958,-0.8302141402314019,-1.5833718263830185,-1.599746551215156,-0.2714363296227936,-0.16814698437616202,-0.6806915587153785,-0.5738412431678354,-1.0491221343863062,-0.8956660505900791,-0.9914350744072475
2.0,-1.2644671760222974,-0.4282294262327735,0.5773865141670813,1.0571908795652296,1.6327287737436504,-0.8302141402314019,-0.612771752570734,-0.5918305358383368,-1.3706071628851189,-1.408518331745676,0.4521168352498716,-0.673225824764919,-0.8763644832349964,-0.8956660505900791,-0.7779329667997462
6.0,1.2169308160214594,1.3181437026227558,-1.0386521117094518,1.0571908795652296,-0.6101249628199958,-0.8302141402314019,0.7276030475756373,0.6773454779994169,-0.3727261157719016,-0.49688232991796494,-0.975985827489665,-0.8388667940933917,-0.8763644832349964,-0.26893994012356265,-0.9914350744072475
6.0,-0.02376818000041905,1.0270815144801677,0.8257938124694633,-0.9422788274385742,-0.6101249628199958,-0.8302141402314019,1.4999588764711684,1.5144911924284141,1.7575947289566543,0.5477832429089139,-0.3761455204493775,0.6850301237285574,0.16018142367286184,0.3577861703429538,0.07607546363025906
5.0,-1.2644671760222974,-1.3014159906605383,1.394313956261976,-0.9422788274385742,-0.6101249628199958,-0.8302141402314019,-1.177041423681304,-1.0948604440650735,1.6007127607184466,1.1647585686511468,1.263170783858382,1.6126195519680049,0.678454377126791,-0.26893994012356265,0.9300838940602644
6.0,1.2169308160214594,0.4449571381949912,-1.1236995544763864,-0.9422788274385742,-0.6101249628199958,0.016215119926394517,1.072069997962904,1.0165658312408787,-0.788505822784113,0.6760535447025542,-0.7545864775450067,-0.7394822124963081,-0.7036068320836867,-0.8956660505900791,-0.5644308591922449
3.0,-1.2644671760222974,-0.7192916143753617,1.3042925552062632,-0.9422788274385742,-0.6101249628199958,0.016215119926394517,-0.5368484247302753,-0.46839330743583485,1.265032892552875,1.9565884350270173,1.1932171313396813,1.5463631642366158,-0.012576227478447864,-0.26893994012356265,0.07607546363025906
6.0,-0.02376818000041905,1.6092058907653441,-0.17680100268823096,-0.9422788274385742,-0.6101249628199958,0.016215119926394517,2.0567299473011995,2.0179851503859876,0.8044282626386235,-0.8561783188398403,-0.7167929391653162,-0.20943111064519535,-0.7036068320836867,-0.26893994012356265,-0.7779329667997462
5.0,1.2169308160214594,-0.13716723809018525,-0.9180683927609737,-0.9422788274385742,-0.6101249628199958,-0.8302141402314019,0.2242595037444475,0.1817403654660637,-0.3220811455420038,-0.8813440967050302,-0.3195322815672069,-0.6069694370335299,-0.530849180932377,-0.8956660505900791,-0.35092875158474357
6.0,-0.02376818000041905,0.7360193263375794,0.15435524485606728,1.0571908795652296,-0.6101249628199958,0.016215119926394517,1.2993713189667466,1.2810741778176684,0.8251238457234781,-0.5969872128020137,0.016529364683272006,-0.17630291677950077,-0.3580915297810673,-0.26893994012356265,-0.35092875158474357
6.0,1.2169308160214594,0.15389495005240297,-0.7867572793235829,1.0571908795652296,-0.6101249628199958,0.016215119926394517,0.4853045260107162,0.4434644136578347,-0.04835386643975055,-1.4391794911250455,0.11873783456667178,-0.6069694370335299,-1.2218797855376158,-1.5223921610565956,-0.9914350744072475
5.0,-1.2644671760222974,-1.01035380251795,0.8628780521662988,1.0571908795652296,-0.6101249628199958,-0.8302141402314019,-0.8119533225225548,-0.7723458811337248,1.627393827416644,1.3079010413851777,-0.07518610277575954,0.9500556746541139,0.16018142367286184,-0.26893994012356265,0.2895775712377604
6.0,1.2169308160214594,-0.4282294262327735,-1.0806813266348951,1.0571908795652296,-0.6101249628199958,-0.8302141402314019,0.03257653407316562,-0.011768372292745483,0.31293753342934877,-1.0508899688115292,-0.6916473805382453,-0.7726104063620026,-1.0491221343863062,-0.8956660505900791,-0.9914350744072475
6.0,-0.02376818000041905,1.3181437026227558,0.008021940645616907,1.0571908795652296,-0.6101249628199958,-0.8302141402314019,1.850518439586373,1.8207640147804864,1.3699172401979174,-0.6155794077291035,-0.564025041545451,-0.010661947451028045,-1.2218797855376158,-1.5223921610565956,-0.9914350744072475
5.0,-1.2644671760222974,-1.5924781788031264,-0.20291845159262245,1.0571908795652296,-0.6101249628199958,0.862644380084191,-1.459644921754123,-1.4647080795417424,0.4042349697805782,0.38097217955736984,-0.7302848537989273,-0.17630291677950077,-0.1853338786297576,-0.26893994012356265,-0.13742664397724225
6.0,-1.2644671760222974,-1.3014159906605383,-0.31128737670148493,-0.9422788274385742,-0.6101249628199958,-0.8302141402314019,-1.353258530273974,-1.363081188488555,0.07622850694684895,-0.7904564019637121,0.17249539551393142,-0.4413284677050572,-0.530849180932377,-0.8956660505900791,-0.35092875158474357
3.0,1.2169308160214594,1.6092058907653441,-0.31128737670149614,-0.9422788274385742,1.6327287737436504,2.555502900399784,0.7088565468742896,0.6787376271919262,-1.176922977575426,-0.7006172605682521,-1.3465310951505278,-0.9382513756904753,-0.8763644832349964,-0.26893994012356265,-0.9914350744072475
5.0,-1.2644671760222974,-0.7192916143753617,-0.1768010026882347,-0.9422788274385742,-0.6101249628199958,0.016215119926394517,-0.9614566656158038,-0.9704951162008987,-0.07758476310633115,-0.3062491917740062,-0.12431620047879834,-0.34194388610797355,-0.530849180932377,-0.8956660505900791,-0.35092875158474357
6.0,-0.02376818000041905,0.4449571381949912,-0.3824321644036506,-0.9422788274385742,-0.6101249628199958,0.862644380084191,-0.03912883110948969,-0.06420599187726699,-0.22275392638649022,-1.628830512472605,-1.098937251549067,-0.8388667940933917,-0.8763644832349964,-0.26893994012356265,-0.9914350744072475
3.0,1.2169308160214594,1.0270815144801677,0.7570854633459279,-0.9422788274385742,1.6327287737436504,0.016215119926394517,0.36251494641688786,0.38406604811076606,-0.0992893617663544,0.21738366964630892,-1.2537708530570617,-0.5407130493021408,-0.3580915297810673,-0.8956660505900791,-0.13742664397724225
5.0,-0.02376818000041905,-0.13716723809018525,-0.24280782306421683,-0.9422788274385742,-0.6101249628199958,-0.8302141402314019,-0.5902759517291165,-0.6052879780325944,0.5662821424214728,-1.0252027390410743,-0.6320426835342584,-0.2425593045108899,0.33293907482417157,-0.26893994012356265,0.5030796788452617
3.0,1.2169308160214594,0.7360193263375794,1.7656645402484796,1.0571908795652296,1.6327287737436504,0.016215119926394517,0.09397132387007992,0.19844615577617686,1.0832001535263396,1.8512007471412986,0.5745350684617272,0.8175428991913357,2.9243038420938174,2.8646906122090194,2.638100754920275
6.0,-0.02376818000041905,-0.4282294262327735,-1.1455943111463982,1.0571908795652296,-0.6101249628199958,0.016215119926394517,-0.7604004455938482,-0.7983326660605673,-0.288315118076598,-0.8368038644328388,-0.7530555757550587,-0.8057386002276972,-1.0491221343863062,-0.8956660505900791,-0.9914350744072475
7.0,-1.2644671760222974,-1.01035380251795,-1.5925015398001527,1.0571908795652296,-0.6101249628199958,-0.8302141402314019,-1.1484530101117487,-1.1909187383482234,-0.6065279619199768,-1.18245820038741,-1.00575547896242,-0.97137956955617,-1.2218797855376158,-1.5223921610565956,-0.9914350744072475
3.0,1.2169308160214594,1.3181437026227558,-0.25630006386513776,1.0571908795652296,-0.6101249628199958,-0.8302141402314019,0.5621651788862423,0.5353462603634561,-0.2803510234140084,-0.9268135269939598,-0.8211985547856786,-0.6400976308992244,-0.3580915297810673,-0.26893994012356265,-0.35092875158474357
5.0,-0.02376818000041905,0.15389495005240297,-0.6642489467320688,1.0571908795652296,-0.6101249628199958,-0.8302141402314019,-0.24487167630678247,-0.2762767188695351,-0.06924359291318587,-0.43757741764888547,-0.889352679533334,-0.7394822124963081,-0.8763644832349964,-0.8956660505900791,-0.7779329667997462
